<?xml version="1.0" encoding="UTF-8"?>
<!DOCTYPE suite SYSTEM "https://testng.org/testng-1.0.dtd">
<suite name="Suite" >

  <test thread-count="5" name="Test1">
    <classes>
     
      <class name="qtrecongition.qt111"/>
      </classes>
      </test>
      
      <test thread-count="5" name="Test2">
    <classes> 
      <class name="qtrecongition.q12"/>
    </classes>
    </test>
      
       <test thread-count="5" name="Test3">
    <classes>
       <class name="qtrecongition.qt21"/>
       </classes>
       </test>
      
    
       
        <test thread-count="5" name="Test4">
    <classes>
      <class name="qtrecongition.qt31"/>
      </classes>
      </test>
      
       <test thread-count="5" name="Test5">
      <classes>
       <class name="qtrecongition.qt41"/>
       </classes>
       </test>
       
       <test thread-count="5" name="Test6">
    <classes> 
      <class name="qtrecongition.qt61"/>
    </classes>
    </test>
    
      <test thread-count="5" name="Test7">
    <classes> 
      <class name="qtrecongition.qt62"/>
    </classes>
    
  </test> <!-- Test -->
</suite> <!-- Suite -->
